{
  "__type__": "cc.SpriteFrame",
  "content": {
    "name": "bg_input1",
    "atlas": "",
    "rect": {
      "x": 1,
      "y": 1,
      "width": 672,
      "height": 97
    },
    "offset": {
      "x": 0,
      "y": 0
    },
    "originalSize": {
      "width": 674,
      "height": 99
    },
    "rotated": false,
    "capInsets": [
      0,
      0,
      0,
      0
    ],
    "vertices": {
      "rawPosition": [
        -336,
        -48.5,
        0,
        336,
        -48.5,
        0,
        -336,
        48.5,
        0,
        336,
        48.5,
        0
      ],
      "indexes": [
        0,
        1,
        2,
        2,
        1,
        3
      ],
      "uv": [
        1,
        98,
        673,
        98,
        1,
        1,
        673,
        1
      ],
      "nuv": [
        0.001483679525222552,
        0.010101010101010102,
        0.9985163204747775,
        0.010101010101010102,
        0.001483679525222552,
        0.98989898989899,
        0.9985163204747775,
        0.98989898989899
      ],
      "minPos": {
        "x": -336,
        "y": -48.5,
        "z": 0
      },
      "maxPos": {
        "x": 336,
        "y": 48.5,
        "z": 0
      }
    },
    "texture": "c3cf8a50-6f59-4d5f-be7b-4862d9c8e33b@6c48a",
    "packable": true,
    "pixelsToUnit": 100,
    "pivot": {
      "x": 0.5,
      "y": 0.5
    },
    "meshType": 0
  }
}