{
  "__type__": "cc.SpriteFrame",
  "content": {
    "name": "bg_input2",
    "atlas": "",
    "rect": {
      "x": 1,
      "y": 1,
      "width": 442,
      "height": 97
    },
    "offset": {
      "x": 0,
      "y": 0
    },
    "originalSize": {
      "width": 444,
      "height": 99
    },
    "rotated": false,
    "capInsets": [
      0,
      0,
      0,
      0
    ],
    "vertices": {
      "rawPosition": [
        -221,
        -48.5,
        0,
        221,
        -48.5,
        0,
        -221,
        48.5,
        0,
        221,
        48.5,
        0
      ],
      "indexes": [
        0,
        1,
        2,
        2,
        1,
        3
      ],
      "uv": [
        1,
        98,
        443,
        98,
        1,
        1,
        443,
        1
      ],
      "nuv": [
        0.0022522522522522522,
        0.010101010101010102,
        0.9977477477477478,
        0.010101010101010102,
        0.0022522522522522522,
        0.98989898989899,
        0.9977477477477478,
        0.98989898989899
      ],
      "minPos": {
        "x": -221,
        "y": -48.5,
        "z": 0
      },
      "maxPos": {
        "x": 221,
        "y": 48.5,
        "z": 0
      }
    },
    "texture": "cee97e06-3956-4a7a-a357-52e7d2736ef4@6c48a",
    "packable": true,
    "pixelsToUnit": 100,
    "pivot": {
      "x": 0.5,
      "y": 0.5
    },
    "meshType": 0
  }
}