{
  "__type__": "cc.SpriteFrame",
  "content": {
    "name": "gogo2020",
    "atlas": "",
    "rect": {
      "x": 1,
      "y": 12,
      "width": 196,
      "height": 160
    },
    "offset": {
      "x": -1,
      "y": -2
    },
    "originalSize": {
      "width": 200,
      "height": 180
    },
    "rotated": false,
    "capInsets": [
      0,
      0,
      0,
      0
    ],
    "vertices": {
      "rawPosition": [
        -98,
        -80,
        0,
        98,
        -80,
        0,
        -98,
        80,
        0,
        98,
        80,
        0
      ],
      "indexes": [
        0,
        1,
        2,
        2,
        1,
        3
      ],
      "uv": [
        1,
        168,
        197,
        168,
        1,
        8,
        197,
        8
      ],
      "nuv": [
        0.005,
        0.044444444444444446,
        0.985,
        0.044444444444444446,
        0.005,
        0.9333333333333333,
        0.985,
        0.9333333333333333
      ],
      "minPos": {
        "x": -98,
        "y": -80,
        "z": 0
      },
      "maxPos": {
        "x": 98,
        "y": 80,
        "z": 0
      }
    },
    "texture": "d35ef546-44a2-4194-bffe-f1bfa2afb091@6c48a",
    "packable": true,
    "pixelsToUnit": 100,
    "pivot": {
      "x": 0.5,
      "y": 0.5
    },
    "meshType": 0
  }
}