{
  "__type__": "cc.SpriteFrame",
  "content": {
    "name": "icon-chip-bg",
    "atlas": "",
    "rect": {
      "x": 1,
      "y": 0,
      "width": 50,
      "height": 50
    },
    "offset": {
      "x": 0,
      "y": 0.5
    },
    "originalSize": {
      "width": 52,
      "height": 51
    },
    "rotated": false,
    "capInsets": [
      0,
      0,
      0,
      0
    ],
    "vertices": {
      "rawPosition": [
        -25,
        -25,
        0,
        25,
        -25,
        0,
        -25,
        25,
        0,
        25,
        25,
        0
      ],
      "indexes": [
        0,
        1,
        2,
        2,
        1,
        3
      ],
      "uv": [
        1,
        51,
        51,
        51,
        1,
        1,
        51,
        1
      ],
      "nuv": [
        0.019230769230769232,
        0.0196078431372549,
        0.9807692307692307,
        0.0196078431372549,
        0.019230769230769232,
        1,
        0.9807692307692307,
        1
      ],
      "minPos": {
        "x": -25,
        "y": -25,
        "z": 0
      },
      "maxPos": {
        "x": 25,
        "y": 25,
        "z": 0
      }
    },
    "texture": "f5a69f42-4141-4c16-b1b3-2b9a33031e03@6c48a",
    "packable": true,
    "pixelsToUnit": 100,
    "pivot": {
      "x": 0.5,
      "y": 0.5
    },
    "meshType": 0
  }
}