{
  "__type__": "cc.SpriteFrame",
  "content": {
    "name": "page_off",
    "atlas": "",
    "rect": {
      "x": 1,
      "y": 1,
      "width": 263,
      "height": 134
    },
    "offset": {
      "x": 0,
      "y": 0
    },
    "originalSize": {
      "width": 265,
      "height": 136
    },
    "rotated": false,
    "capInsets": [
      0,
      0,
      0,
      0
    ],
    "vertices": {
      "rawPosition": [
        -131.5,
        -67,
        0,
        131.5,
        -67,
        0,
        -131.5,
        67,
        0,
        131.5,
        67,
        0
      ],
      "indexes": [
        0,
        1,
        2,
        2,
        1,
        3
      ],
      "uv": [
        1,
        135,
        264,
        135,
        1,
        1,
        264,
        1
      ],
      "nuv": [
        0.0037735849056603774,
        0.007352941176470588,
        0.9962264150943396,
        0.007352941176470588,
        0.0037735849056603774,
        0.9926470588235294,
        0.9962264150943396,
        0.9926470588235294
      ],
      "minPos": {
        "x": -131.5,
        "y": -67,
        "z": 0
      },
      "maxPos": {
        "x": 131.5,
        "y": 67,
        "z": 0
      }
    },
    "texture": "a9e782c3-36d4-4960-9cd8-448651ae02f0@6c48a",
    "packable": true,
    "pixelsToUnit": 100,
    "pivot": {
      "x": 0.5,
      "y": 0.5
    },
    "meshType": 0
  }
}