{
  "__type__": "cc.SpriteFrame",
  "content": {
    "name": "mini_warning",
    "atlas": "",
    "rect": {
      "x": 0,
      "y": 0,
      "width": 1102,
      "height": 117
    },
    "offset": {
      "x": -0.5,
      "y": 0
    },
    "originalSize": {
      "width": 1103,
      "height": 117
    },
    "rotated": false,
    "capInsets": [
      0,
      0,
      0,
      0
    ],
    "vertices": {
      "rawPosition": [
        -551,
        -58.5,
        0,
        551,
        -58.5,
        0,
        -551,
        58.5,
        0,
        551,
        58.5,
        0
      ],
      "indexes": [
        0,
        1,
        2,
        2,
        1,
        3
      ],
      "uv": [
        0,
        117,
        1102,
        117,
        0,
        0,
        1102,
        0
      ],
      "nuv": [
        0,
        0,
        0.99909338168631,
        0,
        0,
        1,
        0.99909338168631,
        1
      ],
      "minPos": {
        "x": -551,
        "y": -58.5,
        "z": 0
      },
      "maxPos": {
        "x": 551,
        "y": 58.5,
        "z": 0
      }
    },
    "texture": "97018203-d25a-4222-b19e-f659a744cef7@6c48a",
    "packable": true,
    "pixelsToUnit": 100,
    "pivot": {
      "x": 0.5,
      "y": 0.5
    },
    "meshType": 0
  }
}