{
  "__type__": "cc.SpriteFrame",
  "content": {
    "name": "bang thong bao",
    "atlas": "",
    "rect": {
      "x": 5,
      "y": 5,
      "width": 1028,
      "height": 628
    },
    "offset": {
      "x": -0.5,
      "y": 0.5
    },
    "originalSize": {
      "width": 1039,
      "height": 639
    },
    "rotated": false,
    "capInsets": [
      0,
      0,
      0,
      0
    ],
    "vertices": {
      "rawPosition": [
        -514,
        -314,
        0,
        514,
        -314,
        0,
        -514,
        314,
        0,
        514,
        314,
        0
      ],
      "indexes": [
        0,
        1,
        2,
        2,
        1,
        3
      ],
      "uv": [
        5,
        634,
        1033,
        634,
        5,
        6,
        1033,
        6
      ],
      "nuv": [
        0.004812319538017324,
        0.009389671361502348,
        0.9942252165543792,
        0.009389671361502348,
        0.004812319538017324,
        0.9921752738654147,
        0.9942252165543792,
        0.9921752738654147
      ],
      "minPos": {
        "x": -514,
        "y": -314,
        "z": 0
      },
      "maxPos": {
        "x": 514,
        "y": 314,
        "z": 0
      }
    },
    "texture": "97c30da8-f863-45d8-b5bc-3c8b1d59d3c2@6c48a",
    "packable": true,
    "pixelsToUnit": 100,
    "pivot": {
      "x": 0.5,
      "y": 0.5
    },
    "meshType": 0
  }
}