{
  "__type__": "cc.SpriteFrame",
  "content": {
    "name": "21323",
    "atlas": "",
    "rect": {
      "x": 0,
      "y": 2,
      "width": 699,
      "height": 549
    },
    "offset": {
      "x": 0,
      "y": -1
    },
    "originalSize": {
      "width": 699,
      "height": 551
    },
    "rotated": false,
    "capInsets": [
      0,
      0,
      0,
      0
    ],
    "vertices": {
      "rawPosition": [
        -349.5,
        -274.5,
        0,
        349.5,
        -274.5,
        0,
        -349.5,
        274.5,
        0,
        349.5,
        274.5,
        0
      ],
      "indexes": [
        0,
        1,
        2,
        2,
        1,
        3
      ],
      "uv": [
        0,
        549,
        699,
        549,
        0,
        0,
        699,
        0
      ],
      "nuv": [
        0,
        0,
        1,
        0,
        0,
        0.9963702359346642,
        1,
        0.9963702359346642
      ],
      "minPos": {
        "x": -349.5,
        "y": -274.5,
        "z": 0
      },
      "maxPos": {
        "x": 349.5,
        "y": 274.5,
        "z": 0
      }
    },
    "texture": "415b786d-22e3-4bc4-98be-b431a76ded44@6c48a",
    "packable": true,
    "pixelsToUnit": 100,
    "pivot": {
      "x": 0.5,
      "y": 0.5
    },
    "meshType": 0
  }
}