{
  "__type__": "cc.SpriteFrame",
  "content": {
    "name": "effect_nohu",
    "atlas": "",
    "rect": {
      "x": 2,
      "y": 2,
      "width": 964,
      "height": 993
    },
    "offset": {
      "x": -28,
      "y": 13.5
    },
    "originalSize": {
      "width": 1024,
      "height": 1024
    },
    "rotated": false,
    "capInsets": [
      0,
      0,
      0,
      0
    ],
    "vertices": {
      "rawPosition": [
        -482,
        -496.5,
        0,
        482,
        -496.5,
        0,
        -482,
        496.5,
        0,
        482,
        496.5,
        0
      ],
      "indexes": [
        0,
        1,
        2,
        2,
        1,
        3
      ],
      "uv": [
        2,
        1022,
        966,
        1022,
        2,
        29,
        966,
        29
      ],
      "nuv": [
        0.001953125,
        0.0283203125,
        0.943359375,
        0.0283203125,
        0.001953125,
        0.998046875,
        0.943359375,
        0.998046875
      ],
      "minPos": {
        "x": -482,
        "y": -496.5,
        "z": 0
      },
      "maxPos": {
        "x": 482,
        "y": 496.5,
        "z": 0
      }
    },
    "texture": "99042c05-06a3-48b0-b370-f7ebb3b4dd11@6c48a",
    "packable": true,
    "pixelsToUnit": 100,
    "pivot": {
      "x": 0.5,
      "y": 0.5
    },
    "meshType": 0
  }
}