{
  "__type__": "cc.SpriteFrame",
  "content": {
    "name": "quay-btn",
    "atlas": "",
    "rect": {
      "x": 4,
      "y": 4,
      "width": 205,
      "height": 83
    },
    "offset": {
      "x": 0.5,
      "y": -1.5
    },
    "originalSize": {
      "width": 212,
      "height": 88
    },
    "rotated": false,
    "capInsets": [
      0,
      0,
      0,
      0
    ],
    "vertices": {
      "rawPosition": [
        -102.5,
        -41.5,
        0,
        102.5,
        -41.5,
        0,
        -102.5,
        41.5,
        0,
        102.5,
        41.5,
        0
      ],
      "indexes": [
        0,
        1,
        2,
        2,
        1,
        3
      ],
      "uv": [
        4,
        84,
        209,
        84,
        4,
        1,
        209,
        1
      ],
      "nuv": [
        0.018867924528301886,
        0.011363636363636364,
        0.9858490566037735,
        0.011363636363636364,
        0.018867924528301886,
        0.9545454545454546,
        0.9858490566037735,
        0.9545454545454546
      ],
      "minPos": {
        "x": -102.5,
        "y": -41.5,
        "z": 0
      },
      "maxPos": {
        "x": 102.5,
        "y": 41.5,
        "z": 0
      }
    },
    "texture": "1c11180e-10ce-456d-9f6e-8cf351ba518f@6c48a",
    "packable": true,
    "pixelsToUnit": 100,
    "pivot": {
      "x": 0.5,
      "y": 0.5
    },
    "meshType": 0
  }
}