{
  "__type__": "cc.SpriteFrame",
  "content": {
    "name": "thua",
    "atlas": "",
    "rect": {
      "x": 0,
      "y": 0,
      "width": 145,
      "height": 28
    },
    "offset": {
      "x": 0,
      "y": 0.5
    },
    "originalSize": {
      "width": 145,
      "height": 29
    },
    "rotated": false,
    "capInsets": [
      0,
      0,
      0,
      0
    ],
    "vertices": {
      "rawPosition": [
        -72.5,
        -14,
        0,
        72.5,
        -14,
        0,
        -72.5,
        14,
        0,
        72.5,
        14,
        0
      ],
      "indexes": [
        0,
        1,
        2,
        2,
        1,
        3
      ],
      "uv": [
        0,
        29,
        145,
        29,
        0,
        1,
        145,
        1
      ],
      "nuv": [
        0,
        0.034482758620689655,
        1,
        0.034482758620689655,
        0,
        1,
        1,
        1
      ],
      "minPos": {
        "x": -72.5,
        "y": -14,
        "z": 0
      },
      "maxPos": {
        "x": 72.5,
        "y": 14,
        "z": 0
      }
    },
    "texture": "03e1712c-1280-4140-b2a1-7da6762a6866@6c48a",
    "packable": true,
    "pixelsToUnit": 100,
    "pivot": {
      "x": 0.5,
      "y": 0.5
    },
    "meshType": 0
  }
}