{
  "__type__": "cc.SpriteFrame",
  "content": {
    "name": "btn_2",
    "atlas": "",
    "rect": {
      "x": 1,
      "y": 1,
      "width": 315,
      "height": 95
    },
    "offset": {
      "x": 0,
      "y": 0
    },
    "originalSize": {
      "width": 317,
      "height": 97
    },
    "rotated": false,
    "capInsets": [
      0,
      0,
      0,
      0
    ],
    "vertices": {
      "rawPosition": [
        -157.5,
        -47.5,
        0,
        157.5,
        -47.5,
        0,
        -157.5,
        47.5,
        0,
        157.5,
        47.5,
        0
      ],
      "indexes": [
        0,
        1,
        2,
        2,
        1,
        3
      ],
      "uv": [
        1,
        96,
        316,
        96,
        1,
        1,
        316,
        1
      ],
      "nuv": [
        0.0031545741324921135,
        0.010309278350515464,
        0.9968454258675079,
        0.010309278350515464,
        0.0031545741324921135,
        0.9896907216494846,
        0.9968454258675079,
        0.9896907216494846
      ],
      "minPos": {
        "x": -157.5,
        "y": -47.5,
        "z": 0
      },
      "maxPos": {
        "x": 157.5,
        "y": 47.5,
        "z": 0
      }
    },
    "texture": "bde79ea1-f27e-48c1-b944-82c397be7a6c@6c48a",
    "packable": true,
    "pixelsToUnit": 100,
    "pivot": {
      "x": 0.5,
      "y": 0.5
    },
    "meshType": 0
  }
}