{
  "__type__": "cc.SpriteFrame",
  "content": {
    "name": "White-Arrow-Transparent",
    "atlas": "",
    "rect": {
      "x": 0,
      "y": 80,
      "width": 511,
      "height": 352
    },
    "offset": {
      "x": -0.5,
      "y": 0
    },
    "originalSize": {
      "width": 512,
      "height": 512
    },
    "rotated": false,
    "capInsets": [
      0,
      0,
      0,
      0
    ],
    "vertices": {
      "rawPosition": [
        -255.5,
        -176,
        0,
        255.5,
        -176,
        0,
        -255.5,
        176,
        0,
        255.5,
        176,
        0
      ],
      "indexes": [
        0,
        1,
        2,
        2,
        1,
        3
      ],
      "uv": [
        0,
        432,
        511,
        432,
        0,
        80,
        511,
        80
      ],
      "nuv": [
        0,
        0.15625,
        0.998046875,
        0.15625,
        0,
        0.84375,
        0.998046875,
        0.84375
      ],
      "minPos": {
        "x": -255.5,
        "y": -176,
        "z": 0
      },
      "maxPos": {
        "x": 255.5,
        "y": 176,
        "z": 0
      }
    },
    "texture": "8b82014b-f0a6-441a-ba64-0cdbf6cddc7b@6c48a",
    "packable": true,
    "pixelsToUnit": 100,
    "pivot": {
      "x": 0.5,
      "y": 0.5
    },
    "meshType": 0
  }
}