{
  "__type__": "cc.SpriteFrame",
  "content": {
    "name": "chip",
    "atlas": "",
    "rect": {
      "x": 1,
      "y": 1,
      "width": 58,
      "height": 346
    },
    "offset": {
      "x": 0,
      "y": 0
    },
    "originalSize": {
      "width": 60,
      "height": 348
    },
    "rotated": false,
    "capInsets": [
      0,
      0,
      0,
      0
    ],
    "vertices": {
      "rawPosition": [
        -29,
        -173,
        0,
        29,
        -173,
        0,
        -29,
        173,
        0,
        29,
        173,
        0
      ],
      "indexes": [
        0,
        1,
        2,
        2,
        1,
        3
      ],
      "uv": [
        1,
        347,
        59,
        347,
        1,
        1,
        59,
        1
      ],
      "nuv": [
        0.016666666666666666,
        0.0028735632183908046,
        0.9833333333333333,
        0.0028735632183908046,
        0.016666666666666666,
        0.9971264367816092,
        0.9833333333333333,
        0.9971264367816092
      ],
      "minPos": {
        "x": -29,
        "y": -173,
        "z": 0
      },
      "maxPos": {
        "x": 29,
        "y": 173,
        "z": 0
      }
    },
    "texture": "bca83fb2-0692-4180-9710-6cdf08fa3645@6c48a",
    "packable": true,
    "pixelsToUnit": 100,
    "pivot": {
      "x": 0.5,
      "y": 0.5
    },
    "meshType": 0
  }
}