{
  "__type__": "cc.SpriteFrame",
  "content": {
    "name": "hoa",
    "atlas": "",
    "rect": {
      "x": 0,
      "y": 0,
      "width": 142,
      "height": 33
    },
    "offset": {
      "x": 0,
      "y": 0.5
    },
    "originalSize": {
      "width": 142,
      "height": 34
    },
    "rotated": false,
    "capInsets": [
      0,
      0,
      0,
      0
    ],
    "vertices": {
      "rawPosition": [
        -71,
        -16.5,
        0,
        71,
        -16.5,
        0,
        -71,
        16.5,
        0,
        71,
        16.5,
        0
      ],
      "indexes": [
        0,
        1,
        2,
        2,
        1,
        3
      ],
      "uv": [
        0,
        34,
        142,
        34,
        0,
        1,
        142,
        1
      ],
      "nuv": [
        0,
        0.029411764705882353,
        1,
        0.029411764705882353,
        0,
        1,
        1,
        1
      ],
      "minPos": {
        "x": -71,
        "y": -16.5,
        "z": 0
      },
      "maxPos": {
        "x": 71,
        "y": 16.5,
        "z": 0
      }
    },
    "texture": "a2019879-a04e-4a50-a0d0-e7bf66785de4@6c48a",
    "packable": true,
    "pixelsToUnit": 100,
    "pivot": {
      "x": 0.5,
      "y": 0.5
    },
    "meshType": 0
  }
}