{
  "__type__": "cc.SpriteFrame",
  "content": {
    "name": "page_on",
    "atlas": "",
    "rect": {
      "x": 1,
      "y": 1,
      "width": 281,
      "height": 144
    },
    "offset": {
      "x": 0,
      "y": 0
    },
    "originalSize": {
      "width": 283,
      "height": 146
    },
    "rotated": false,
    "capInsets": [
      0,
      0,
      0,
      0
    ],
    "vertices": {
      "rawPosition": [
        -140.5,
        -72,
        0,
        140.5,
        -72,
        0,
        -140.5,
        72,
        0,
        140.5,
        72,
        0
      ],
      "indexes": [
        0,
        1,
        2,
        2,
        1,
        3
      ],
      "uv": [
        1,
        145,
        282,
        145,
        1,
        1,
        282,
        1
      ],
      "nuv": [
        0.0035335689045936395,
        0.00684931506849315,
        0.9964664310954063,
        0.00684931506849315,
        0.0035335689045936395,
        0.9931506849315068,
        0.9964664310954063,
        0.9931506849315068
      ],
      "minPos": {
        "x": -140.5,
        "y": -72,
        "z": 0
      },
      "maxPos": {
        "x": 140.5,
        "y": 72,
        "z": 0
      }
    },
    "texture": "985e23d7-1b66-4d58-aa88-8e66668e2eab@6c48a",
    "packable": true,
    "pixelsToUnit": 100,
    "pivot": {
      "x": 0.5,
      "y": 0.5
    },
    "meshType": 0
  }
}